{"cameraMode":{"drawMode":0,"name":"Shaded","section":"Shading Mode"},"sceneLighting":false,"audioPlay":false,"sceneViewState":{"m_AlwaysRefresh":false,"showFog":true,"showSkybox":false,"showFlares":true,"showImageEffects":true,"showParticleSystems":true,"showVisualEffectGraphs":true,"m_FxEnabled":true},"in2DMode":false,"pivot":{"x":0.8574089407920837,"y":3.5171117782592775,"z":16.677478790283204},"rotation":{"x":-0.1200159415602684,"y":0.004508573561906815,"z":-0.0005633800756186247,"w":-0.9927468299865723},"size":4.17751407623291,"orthographic":true}