{"cameraMode":{"drawMode":0,"name":"Shaded","section":"Shading Mode"},"sceneLighting":false,"audioPlay":false,"sceneViewState":{"m_AlwaysRefresh":false,"showFog":true,"showSkybox":false,"showFlares":true,"showImageEffects":true,"showParticleSystems":true,"showVisualEffectGraphs":true,"m_FxEnabled":true},"in2DMode":false,"pivot":{"x":1.0399999618530274,"y":3.440000057220459,"z":15.420000076293946},"rotation":{"x":-0.18513672053813935,"y":0.030991079285740854,"z":-0.005845643579959869,"w":-0.982185423374176},"size":1.0606602430343629,"orthographic":true}