{"cameraMode":{"drawMode":0,"name":"Shaded","section":"Shading Mode"},"sceneLighting":true,"audioPlay":false,"sceneViewState":{"m_AlwaysRefresh":false,"showFog":true,"showSkybox":true,"showFlares":true,"showImageEffects":true,"showParticleSystems":true,"showVisualEffectGraphs":true,"m_FxEnabled":true},"in2DMode":false,"pivot":{"x":8.073970794677735,"y":0.9330329895019531,"z":10.704338073730469},"rotation":{"x":0.23350650072097779,"y":-0.11263196915388107,"z":0.027213923633098604,"w":0.965421736240387},"size":14.105908393859864,"orthographic":true}