{"cameraMode":{"drawMode":0,"name":"Shaded","section":"Shading Mode"},"sceneLighting":true,"audioPlay":false,"sceneViewState":{"m_AlwaysRefresh":false,"showFog":true,"showSkybox":true,"showFlares":true,"showImageEffects":true,"showParticleSystems":true,"showVisualEffectGraphs":true,"m_FxEnabled":true},"in2DMode":false,"pivot":{"x":1.8700265884399415,"y":3.0843300819396974,"z":9.68629264831543},"rotation":{"x":0.05664379149675369,"y":0.9422529935836792,"z":-0.25502291321754458,"w":0.20947839319705964},"size":9.113265037536621,"orthographic":true}